{"cameraMode":{"drawMode":0,"name":"Shaded","section":"Shading Mode"},"sceneLighting":true,"audioPlay":false,"sceneViewState":{"showFog":true,"showMaterialUpdate":false,"showSkybox":true,"showFlares":true,"showImageEffects":true,"showParticleSystems":true},"in2DMode":false,"pivot":{"x":-2.641357898712158,"y":-32.0244026184082,"z":74.59972381591797},"rotation":{"x":0.183604434132576,"y":-0.040385909378528598,"z":0.007549947593361139,"w":0.9821412563323975},"size":126.06269073486328,"orthographic":false}